StartPosition,Score,Sequence
-148,2.4462988,AAGACTCA
-142,4.0972414,CAAAATCA
-118,1.7408141,TACAACTA
-111,2.435003,AGAACTGC
-73,1.4551886,TAAACAAT
81,2.8046615,CAATTTTA
-47,2.7365258,ATAACCTA
-46,2.812082,TAACCTAG
-18,2.0106733,GAAACATA
-12,6.6044497,TACACCCC
-11,2.914927,ACACCCCA
