StartPosition,Score,Sequence
2,2.4462988,AAGACTCA
8,4.0972414,CAAAATCA
32,1.7408141,TACAACTA
39,2.435003,AGAACTGC
77,1.4551886,TAAACAAT
-69,2.8046615,CAATTTTA
103,2.7365258,ATAACCTA
104,2.812082,TAACCTAG
132,2.0106733,GAAACATA
138,6.6044497,TACACCCC
139,2.914927,ACACCCCA
