StartPosition,Score,Sequence
138,6.6044497,TACACCCC
8,4.0972414,CAAAATCA
139,2.914927,ACACCCCA
104,2.812082,TAACCTAG
-69,2.8046615,CAATTTTA
103,2.7365258,ATAACCTA
2,2.4462988,AAGACTCA
39,2.435003,AGAACTGC
132,2.0106733,GAAACATA
32,1.7408141,TACAACTA
77,1.4551886,TAAACAAT
